{"stats":{"minecraft:dropped":{"gravestone:obituary":1,"minecraft:spruce_sapling":1,"minecraft:stick":2},"minecraft:used":{"minecraft:dirt":1},"minecraft:mined":{"minecraft:dirt":1},"minecraft:picked_up":{"minecraft:stick":2,"chococraft:chocobo_feather":1,"minecraft:spruce_sapling":1,"minecraft:dirt":1},"minecraft:custom":{"minecraft:time_since_rest":89485,"minecraft:damage_taken":310,"minecraft:crouch_one_cm":2942,"minecraft:sprint_one_cm":75122,"lootr:looted_stat":3,"minecraft:play_time":95747,"minecraft:deaths":1,"minecraft:walk_one_cm":43232,"minecraft:sneak_time":2271,"minecraft:walk_under_water_one_cm":2475,"minecraft:drop":3,"minecraft:jump":431,"minecraft:damage_dealt":318,"minecraft:leave_game":3,"minecraft:walk_on_water_one_cm":1765,"minecraft:time_since_death":89424,"minecraft:total_world_time":95747,"minecraft:swim_one_cm":3200,"minecraft:talked_to_villager":1,"minecraft:fly_one_cm":1052103}},"DataVersion":3465}