{"stats":{"minecraft:custom":{"lootr:looted_stat":103,"minecraft:mob_kills":13,"minecraft:interact_with_crafting_table":1,"minecraft:open_barrel":3,"minecraft:leave_game":3,"minecraft:time_since_death":141259,"minecraft:climb_one_cm":7053,"minecraft:sprint_one_cm":194855,"minecraft:walk_one_cm":557257,"minecraft:drop":36,"minecraft:talked_to_villager":5,"minecraft:play_time":233389,"minecraft:deaths":4,"minecraft:sneak_time":3929,"minecraft:walk_under_water_one_cm":36170,"minecraft:boat_one_cm":330335,"minecraft:jump":1487,"minecraft:interact_with_brewingstand":2,"minecraft:walk_on_water_one_cm":25475,"minecraft:total_world_time":233389,"minecraft:interact_with_cartography_table":1,"minecraft:sleep_in_bed":1,"minecraft:time_since_rest":141288,"minecraft:waystone_activated":3,"minecraft:open_enderchest":3,"minecraft:damage_taken":4733,"minecraft:damage_dealt":4541,"minecraft:swim_one_cm":104540,"minecraft:fly_one_cm":1028732,"minecraft:open_chest":18,"minecraft:crouch_one_cm":5323,"minecraft:fall_one_cm":48410},"minecraft:killed":{"minecraft:vindicator":3,"mutantmonsters:mutant_snow_golem":1,"aquamirae:maw":2,"minecraft:pillager":5,"minecraft:zombie":1,"aquamirae:anglerfish":1},"minecraft:crafted":{"ecologics:coconut_planks":16,"ecologics:coconut_door":6,"minecraft:spruce_planks":4},"minecraft:broken":{"minecraft:leather_boots":1},"minecraft:dropped":{"minecraft:nether_brick_stairs":1,"minecraft:enchanted_book":3,"minecraft:chiseled_nether_bricks":1,"minecraft:cobblestone":2,"minecraft:stick":6,"minecraft:cracked_polished_blackstone_bricks":64,"aquamirae:three_bolt_helmet":1,"minecraft:torch":1,"minecraft:polished_blackstone_brick_stairs":64,"minecraft:wooden_axe":2,"minecraft:cooked_salmon":6,"gravestone:obituary":1,"minecraft:sand":19,"minecraft:polished_blackstone_bricks":1,"ecologics:coconut_planks":4,"minecraft:kelp":2,"minecraft:golden_chestplate":1,"chococraft:chocobo_feather":1,"ecologics:coconut_log":5,"minecraft:white_carpet":2,"minecraft:rotten_flesh":2,"minecraft:nether_bricks":65,"minecraft:salmon":3,"patchouli:guide_book":2,"minecraft:filled_map":2,"minecraft:leather_chestplate":1,"minecraft:wooden_pickaxe":1,"waystones:waystone":1},"minecraft:mined":{"minecraft:spruce_planks":2,"minecraft:potted_wither_rose":1,"minecraft:chiseled_bookshelf":2,"minecraft:grass_block":3,"ecologics:coconut_door":2,"ecologics:coconut_log":12,"minecraft:spruce_leaves":1,"luminousworld:snow_poppy":2,"minecraft:nether_wart":1,"minecraft:oak_trapdoor":1,"minecraft:gold_block":3,"minecraft:bookshelf":1,"minecraft:skeleton_wall_skull":1,"minecraft:packed_ice":13,"minecraft:stone":2,"minecraft:light_gray_carpet":1,"minecraft:soul_sand":1,"minecraft:poppy":1,"minecraft:wither_skeleton_wall_skull":2,"minecraft:cobblestone":2,"minecraft:blue_bed":5,"minecraft:wall_torch":1,"minecraft:purple_bed":1,"ecologics:seashell":1,"minecraft:white_carpet":1,"minecraft:spruce_log":1,"minecraft:coal_ore":18,"minecraft:dirt":6,"minecraft:sand":44},"minecraft:used":{"minecraft:nether_brick_fence":18,"minecraft:polished_blackstone_brick_slab":164,"minecraft:cherry_wood":42,"minecraft:light_gray_carpet":1,"minecraft:spruce_planks":4,"minecraft:chest":30,"lootr:trophy":1,"minecraft:red_nether_brick_stairs":4,"minecraft:torch":1,"minecraft:dirt":5,"minecraft:white_carpet":4,"minecraft:nether_bricks":307,"alexscaves:thornwood_door":1,"minecraft:nether_brick_stairs":5,"ecologics:coconut_door":6,"minecraft:wooden_axe":8,"minecraft:dark_oak_planks":55,"minecraft:sea_lantern":26,"minecraft:grass_block":26,"minecraft:polished_blackstone_brick_wall":121,"minecraft:polished_blackstone_brick_stairs":164,"minecraft:stone_bricks":1,"minecraft:item_frame":2,"ecologics:coconut_boat":1,"minecraft:deepslate_brick_wall":35,"minecraft:red_nether_bricks":1,"create:train_door":3,"minecraft:blue_bed":22,"minecraft:chiseled_nether_bricks":4,"minecraft:leather_boots":1,"minecraft:deepslate_bricks":133,"minecraft:polished_blackstone_bricks":382,"minecraft:sand":1,"securitycraft:reinforced_ladder":10,"waystones:waystone":2,"minecraft:flower_pot":1,"minecraft:dark_oak_log":135,"minecraft:cracked_polished_blackstone_bricks":6,"minecraft:bread":2,"minecraft:iron_pickaxe":33,"minecraft:spruce_sapling":1,"minecraft:gravel":1,"ecologics:coconut_slice":4,"minecraft:coal_block":50,"minecraft:cobblestone":1,"minecraft:purple_bed":1,"chococraft:gysahl_green":18,"simplyswords:toxic_longsword":66},"minecraft:picked_up":{"minecraft:wooden_axe":2,"minecraft:nether_wart":1,"minecraft:flower_pot":1,"ecologics:seashell":1,"minecraft:wooden_pickaxe":1,"minecraft:gold_block":3,"minecraft:wither_rose":1,"minecraft:enchanted_book":1,"ecologics:coconut_boat":1,"minecraft:item_frame":8,"minecraft:white_carpet":6,"minecraft:spruce_planks":3,"minecraft:poppy":1,"ecologics:crab_claw":1,"aquamirae:frozen_key":1,"minecraft:stick":6,"ecologics:coconut_slice":4,"minecraft:torch":2,"aquamirae:esca":1,"minecraft:rotten_flesh":2,"ecologics:coconut_log":9,"aquamirae:treasure_pouch":1,"minecraft:cobblestone":3,"minecraft:filled_map":1,"aquamirae:three_bolt_helmet":1,"minecraft:wither_skeleton_skull":2,"securitycraft:reinforced_ladder":4,"minecraft:blue_bed":5,"minecraft:dirt":6,"minecraft:leather_boots":1,"chococraft:chocobo_feather":1,"chococraft:gysahl_green":18,"minecraft:kelp":2,"minecraft:soul_sand":1,"minecraft:book":3,"patchouli:guide_book":2,"aquamirae:oxygen_tank":1,"minecraft:gravel":1,"aquamirae:anglers_fang":1,"minecraft:sand":20,"minecraft:spruce_sapling":1,"minecraft:spruce_log":1,"minecraft:purple_bed":1,"waystones:waystone":2,"luminousworld:snow_poppy":2,"minecraft:crossbow":1,"minecraft:emerald":16,"minecraft:light_gray_carpet":1,"minecraft:coal":18}},"DataVersion":3465}