{"stats":{"minecraft:custom":{"minecraft:time_since_rest":35917,"minecraft:crouch_one_cm":938,"minecraft:sprint_one_cm":12792,"lootr:looted_stat":2,"minecraft:play_time":42179,"minecraft:damage_taken":310,"minecraft:deaths":1,"minecraft:walk_one_cm":7515,"minecraft:sneak_time":851,"minecraft:walk_under_water_one_cm":2287,"minecraft:drop":3,"minecraft:jump":70,"minecraft:damage_dealt":110,"minecraft:leave_game":1,"minecraft:walk_on_water_one_cm":1296,"minecraft:time_since_death":35856,"minecraft:total_world_time":42179,"minecraft:swim_one_cm":1672,"minecraft:fly_one_cm":347536},"minecraft:picked_up":{"minecraft:stick":2,"minecraft:spruce_sapling":1,"minecraft:dirt":1},"minecraft:mined":{"minecraft:dirt":1},"minecraft:used":{"minecraft:dirt":1},"minecraft:dropped":{"gravestone:obituary":1,"minecraft:spruce_sapling":1,"minecraft:stick":2}},"DataVersion":3465}