{"stats":{"minecraft:custom":{"minecraft:time_since_rest":68890,"minecraft:damage_taken":135,"lootr:looted_stat":3,"minecraft:sprint_one_cm":58843,"minecraft:open_enderchest":2,"minecraft:walk_one_cm":265059,"minecraft:mob_kills":2,"minecraft:drop":1,"minecraft:damage_dealt":556,"minecraft:fly_one_cm":1036277,"minecraft:crouch_one_cm":5641,"minecraft:play_time":93427,"minecraft:sneak_time":5259,"minecraft:walk_under_water_one_cm":183,"minecraft:jump":497,"minecraft:leave_game":5,"minecraft:walk_on_water_one_cm":270,"minecraft:time_since_death":93427,"minecraft:sleep_in_bed":1,"minecraft:climb_one_cm":2067,"minecraft:total_world_time":93427},"minecraft:killed":{"minecraft:skeleton":1,"luminousworld:firefly":1},"minecraft:dropped":{"minecraft:flint":1},"minecraft:used":{"minecraft:oak_log":10,"luminousworld:mossbuds_3":2,"minecraft:bookshelf":25,"minecraft:flint_and_steel":207,"minecraft:heavy_weighted_pressure_plate":2,"minecraft:iron_axe":7,"minecraft:grass_block":1015,"minecraft:oak_planks":3,"minecraft:stone_bricks":112,"minecraft:torch":47,"minecraft:diamond_block":1,"minecraft:dirt":673,"minecraft:oak_wood":5,"minecraft:stone_brick_wall":509},"minecraft:picked_up":{"luminousworld:groundpebbles_1":18,"minecraft:stick":52,"luminousworld:spuds":3,"luminousworld:decorative_brown_2":1,"minecraft:torch":3,"minecraft:enchanted_book":3,"minecraft:flint":1,"minecraft:spruce_sapling":65,"luminousworld:decorative_brown_mushroom_1":6,"minecraft:bone":3,"minecraft:arrow":25,"minecraft:stone_bricks":20}},"DataVersion":3465}