{"stats":{"minecraft:killed":{"minecraft:skeleton":1,"luminousworld:firefly":1},"minecraft:picked_up":{"luminousworld:groundpebbles_1":18,"minecraft:stick":52,"luminousworld:decorative_brown_2":1,"luminousworld:spuds":3,"minecraft:torch":3,"minecraft:enchanted_book":3,"minecraft:flint":1,"minecraft:spruce_sapling":65,"luminousworld:decorative_brown_mushroom_1":5,"minecraft:bone":3,"minecraft:arrow":25,"minecraft:stone_bricks":20},"minecraft:custom":{"minecraft:time_since_rest":60194,"lootr:looted_stat":3,"minecraft:sprint_one_cm":58843,"minecraft:open_enderchest":2,"minecraft:damage_taken":135,"minecraft:walk_one_cm":264844,"minecraft:mob_kills":2,"minecraft:drop":1,"minecraft:damage_dealt":556,"minecraft:fly_one_cm":1035470,"minecraft:crouch_one_cm":5622,"minecraft:play_time":84731,"minecraft:sneak_time":5245,"minecraft:walk_under_water_one_cm":183,"minecraft:jump":492,"minecraft:leave_game":2,"minecraft:time_since_death":84731,"minecraft:walk_on_water_one_cm":270,"minecraft:sleep_in_bed":1,"minecraft:total_world_time":84731,"minecraft:climb_one_cm":2067},"minecraft:dropped":{"minecraft:flint":1},"minecraft:used":{"minecraft:oak_log":10,"luminousworld:mossbuds_3":2,"minecraft:bookshelf":25,"minecraft:flint_and_steel":207,"minecraft:heavy_weighted_pressure_plate":2,"minecraft:iron_axe":7,"minecraft:grass_block":1011,"minecraft:oak_planks":3,"minecraft:stone_bricks":81,"minecraft:torch":47,"minecraft:diamond_block":1,"minecraft:dirt":673,"minecraft:oak_wood":5,"minecraft:stone_brick_wall":509}},"DataVersion":3465}