{"stats":{"minecraft:used":{"minecraft:oak_fence":16,"minecraft:acacia_log":1,"minecraft:stone_pickaxe":460,"minecraft:oak_planks":9,"minecraft:chest":2,"minecraft:wooden_pickaxe":55,"luminousworld:bao_bob_log":3,"minecraft:torch":26,"minecraft:crafting_table":4,"tetra:modular_double":40,"crystals_overhauled:celestite_sword":3,"minecraft:iron_pickaxe":22,"minecraft:gravel":1,"minecraft:pufferfish":1,"minecraft:stone_axe":138,"minecraft:cobblestone":42,"luminousworld:savannah_soil":2,"minecraft:furnace":2,"minecraft:cooked_cod":2,"crystals_overhauled:celestite_pickaxe":9,"chococraft:gysahl_green":33},"minecraft:custom":{"lootr:looted_stat":1,"minecraft:interact_with_furnace":11,"minecraft:mob_kills":11,"minecraft:interact_with_crafting_table":23,"minecraft:time_since_death":33525,"minecraft:time_since_rest":33555,"minecraft:sprint_one_cm":87802,"minecraft:damage_taken":1009,"minecraft:walk_one_cm":178638,"minecraft:drop":9,"minecraft:damage_dealt":2859,"minecraft:swim_one_cm":6826,"minecraft:fly_one_cm":105498,"minecraft:open_chest":18,"minecraft:crouch_one_cm":3030,"minecraft:play_time":71546,"minecraft:deaths":2,"minecraft:sneak_time":838,"minecraft:walk_under_water_one_cm":1732,"minecraft:jump":798,"minecraft:walk_on_water_one_cm":760,"minecraft:total_world_time":71546,"minecraft:fall_one_cm":14686},"minecraft:mined":{"luminousworld:savannah_soil":6,"minecraft:light_gray_carpet":1,"minecraft:red_carpet":2,"minecraft:acacia_leaves":1,"luminousworld:tall_deadbush":1,"crystals_overhauled:heliodor_ore":4,"minecraft:oak_fence":22,"minecraft:crafting_table":2,"minecraft:torch":5,"luminousworld:savannah_grass_1":10,"gravestone:gravestone":2,"minecraft:granite":1,"minecraft:acacia_log":33,"luminousworld:bao_bob_wood":3,"minecraft:calcite":3,"minecraft:campfire":1,"minecraft:cobblestone":10,"crystals_overhauled:celestite_ore":10,"minecraft:diorite":48,"minecraft:wall_torch":7,"luminousworld:savanna_grass_2":18,"minecraft:furnace":1,"minecraft:iron_ore":10,"minecraft:white_carpet":4,"minecraft:andesite":2,"luminousworld:bao_bob_log":26,"minecraft:grass":6,"chococraft:gysahl_green":66,"minecraft:coal_ore":101,"minecraft:oak_log":16,"minecraft:gravel":7,"luminousworld:elephant_grass":1,"create:crimsite":2,"minecraft:stone":306,"luminousworld:savannah_grass_4":19,"create:limestone":17,"luminousworld:savannah_ground":2},"minecraft:crafted":{"minecraft:cooked_cod":2,"minecraft:oak_planks":40,"minecraft:crafting_table":3,"crystals_overhauled:celestite_pickaxe":1,"minecraft:wooden_pickaxe":1,"minecraft:iron_sword":1,"immersive_armors:wooden_leggings":1,"minecraft:furnace":2,"minecraft:stone_axe":2,"minecraft:air":0,"immersive_armors:wooden_chestplate":1,"immersive_armors:wooden_boots":1,"minecraft:stick":12,"minecraft:iron_ingot":10,"minecraft:iron_pickaxe":1,"minecraft:stone_pickaxe":4,"minecraft:chest":2,"immersive_armors:wooden_helmet":1,"minecraft:acacia_planks":28,"minecraft:torch":16,"crystals_overhauled:celestite_sword":1,"tetra:modular_double":1,"luminousworld:baobab_plank":104},"minecraft:dropped":{"luminousworld:savannah_soil":3,"minecraft:tropical_fish":1,"luminousworld:savannah_ground":2,"minecraft:oak_sapling":1,"gravestone:obituary":2},"minecraft:broken":{"minecraft:stone_pickaxe":3,"minecraft:stone_axe":1,"minecraft:wooden_pickaxe":1},"minecraft:killed":{"minecraft:spider":1,"royalvariations:royal_zombie":1,"luminousworld:savannah_skeleton":1,"minecraft:zombie":4,"luminousworld:savannah_zombie":4},"minecraft:picked_up":{"luminousworld:savannah_ground":2,"chococraft:loverly_gysahl_green":11,"minecraft:charcoal":2,"minecraft:crafting_table":2,"minecraft:andesite":2,"royalvariations:royal_staff":1,"minecraft:potato":2,"luminousworld:bao_bob_wood":3,"minecraft:oak_log":16,"create:limestone":17,"minecraft:white_carpet":4,"minecraft:red_carpet":2,"chococraft:gysahl_green":166,"chococraft:gold_gysahl":6,"luminousworld:elephant_grass":1,"minecraft:calcite":3,"minecraft:acacia_sapling":9,"minecraft:furnace":1,"minecraft:stick":26,"minecraft:raw_iron":10,"minecraft:oak_fence":22,"minecraft:torch":13,"minecraft:acacia_log":33,"minecraft:gravel":7,"luminousworld:savannah_soil":5,"chococraft:gysahl_green_seeds":65,"minecraft:diorite":53,"minecraft:arrow":3,"create:crimsite":2,"minecraft:rotten_flesh":8,"crystals_overhauled:heliodor":11,"minecraft:granite":1,"luminousworld:tall_deadbush":1,"minecraft:light_gray_carpet":1,"minecraft:oak_sapling":6,"luminousworld:bao_bob_log":26,"crystals_overhauled:celestite":16,"minecraft:coal":101,"minecraft:cobblestone":318}},"DataVersion":3465}