{"stats":{"minecraft:dropped":{"minecraft:enchanted_book":2,"minecraft:iron_ingot":22,"minecraft:bread":8,"minecraft:iron_nugget":3,"relics:drowned_belt":1,"minecraft:glass_bottle":1,"farmersdelight:cabbage_seeds":2,"minecraft:prismarine_crystals":5,"minecraft:rotten_flesh":2,"minecraft:jungle_planks":1,"minecraft:totem_of_undying":1,"patchouli:guide_book":2,"minecraft:suspicious_stew":1,"minecraft:eye_armor_trim_smithing_template":3,"minecraft:item_frame":1,"minecraft:emerald":2,"minecraft:filled_map":3,"minecraft:poppy":1,"minecraft:leather_chestplate":1,"immersive_armors:steampunk_helmet":2,"minecraft:torch":6,"minecraft:spruce_planks":1,"minecraft:wooden_axe":2,"minecraft:leather_boots":6,"relics:aqua_walker":2,"minecraft:leather_leggings":3,"simplyswords:iron_rapier":1,"minecraft:wooden_pickaxe":1,"aquamirae:sharp_bones":2,"chococraft:gysahl_green":18,"minecraft:gold_ingot":4},"minecraft:mined":{"minecraft:dark_oak_planks":1,"minecraft:spruce_planks":14,"ecologics:coconut_planks":6,"minecraft:crafting_table":4,"gravestone:gravestone":2,"minecraft:jungle_planks":1,"ecologics:coconut_log":31,"minecraft:birch_slab":1,"minecraft:gray_wool":8,"minecraft:hay_block":9,"minecraft:spruce_stairs":1,"ecologics:seashell":1,"minecraft:spruce_log":3,"minecraft:cobweb":1,"minecraft:gravel":3,"minecraft:packed_ice":9,"minecraft:spruce_wood":4},"minecraft:used":{"minecraft:golden_boots":3,"minecraft:trident":1,"minecraft:leather_leggings":1,"simplyswords:iron_rapier":7,"minecraft:spruce_planks":33,"minecraft:chest":1,"minecraft:leather_chestplate":2,"ecologics:coconut_planks":24,"minecraft:cooked_salmon":6,"minecraft:salmon":17,"minecraft:torch":18,"simplyswords:diamond_greataxe":151,"minecraft:crafting_table":6,"minecraft:spruce_stairs":1,"minecraft:carrot":38,"minecraft:cod":21,"minecraft:obsidian":1,"minecraft:wooden_axe":37,"minecraft:bread":20,"minecraft:iron_helmet":1,"aquamirae:spinefish":2,"minecraft:gravel":2,"ecologics:coconut_slice":8,"minecraft:stone_axe":25,"minecraft:beef":1,"minecraft:potion":1,"ecologics:coconut_boat":9,"ecologics:coconut_log":4,"minecraft:cooked_cod":5,"chococraft:gysahl_green":31,"ecologics:coconut_seedling":4,"minecraft:gray_wool":6,"aquamirae:dagger_of_greed":2,"minecraft:golden_axe":3,"minecraft:iron_leggings":1},"minecraft:killed":{"minecraft:evoker":1,"minecraft:husk":2,"minecraft:vindicator":7,"aquamirae:captain_cornelia":1,"minecraft:skeleton":1,"minecraft:guardian":1,"minecraft:pillager":10,"aquamirae:anglerfish":1,"minecraft:drowned":1,"mca:female_villager":1},"minecraft:custom":{"lootr:looted_stat":115,"minecraft:mob_kills":26,"minecraft:interact_with_crafting_table":10,"minecraft:open_barrel":52,"minecraft:damage_dealt_resisted":3490,"minecraft:leave_game":1,"minecraft:time_since_death":6126,"minecraft:climb_one_cm":461,"minecraft:time_since_rest":6151,"minecraft:sprint_one_cm":91351,"minecraft:damage_taken":3879,"minecraft:walk_one_cm":257672,"minecraft:drop":53,"minecraft:damage_dealt":11001,"minecraft:swim_one_cm":21193,"minecraft:talked_to_villager":1,"minecraft:fly_one_cm":216176,"minecraft:open_chest":6,"minecraft:crouch_one_cm":18716,"minecraft:play_time":116526,"minecraft:deaths":2,"minecraft:sneak_time":9841,"minecraft:walk_under_water_one_cm":116527,"minecraft:interact_with_lectern":1,"minecraft:boat_one_cm":465634,"minecraft:jump":1144,"minecraft:interact_with_blast_furnace":1,"minecraft:walk_on_water_one_cm":11138,"minecraft:total_world_time":116526,"minecraft:fall_one_cm":25676},"minecraft:picked_up":{"minecraft:wooden_axe":1,"minecraft:crafting_table":4,"minecraft:leather_chestplate":1,"minecraft:leather_leggings":3,"minecraft:suspicious_stew":1,"minecraft:salmon":3,"ecologics:coconut_planks":4,"ecologics:seashell":1,"minecraft:filled_map":2,"minecraft:enchanted_book":4,"minecraft:golden_boots":1,"ecologics:coconut_boat":3,"minecraft:string":1,"minecraft:oak_trapdoor":1,"aquamirae:sharp_bones":1,"minecraft:paper":2,"aquamirae:fin":2,"minecraft:cooked_salmon":6,"minecraft:leather_boots":1,"minecraft:item_frame":1,"minecraft:bone":2,"chococraft:gysahl_green":64,"minecraft:spruce_planks":14,"minecraft:spruce_wood":3,"minecraft:beef":1,"minecraft:glass_bottle":1,"immersive_armors:steampunk_helmet":1,"farmersdelight:cabbage_seeds":2,"minecraft:stick":10,"ecologics:coconut_slice":8,"aquamirae:shell_horn":1,"minecraft:torch":8,"ecologics:coconut_seedling":9,"minecraft:spruce_stairs":1,"minecraft:gravel":2,"minecraft:sand":6,"minecraft:jungle_planks":2,"minecraft:trident":1,"minecraft:spruce_log":3,"minecraft:prismarine_crystals":1,"minecraft:arrow":2,"minecraft:rotten_flesh":2,"minecraft:hay_block":9,"ecologics:coconut_log":39,"minecraft:gray_wool":7,"minecraft:crossbow":2,"relics:aqua_walker":2,"minecraft:emerald":4,"minecraft:totem_of_undying":1},"minecraft:crafted":{"minecraft:spruce_planks":24,"minecraft:crafting_table":2,"ecologics:coconut_planks":140,"minecraft:wooden_pickaxe":1,"minecraft:iron_helmet":1,"minecraft:bread":28,"minecraft:stick":8,"minecraft:iron_ingot":3,"minecraft:wooden_axe":1,"minecraft:chest":1,"minecraft:iron_leggings":1,"minecraft:torch":16,"minecraft:golden_boots":1,"ecologics:coconut_boat":7,"minecraft:wheat":81},"minecraft:broken":{"minecraft:leather_chestplate":1}},"DataVersion":3465}