{"stats":{"minecraft:broken":{"simplyswords:gold_claymore":1,"minecraft:leather_chestplate":1,"minecraft:leather_boots":1},"minecraft:picked_up":{"luminousworld:groundpebbles_1":1,"minecraft:crafting_table":8,"minecraft:allium":3,"minecraft:azure_bluet":1,"ecologics:seashell":3,"minecraft:gold_block":1,"minecraft:cornflower":4,"minecraft:string":25,"minecraft:white_carpet":4,"minecraft:experience_bottle":1,"minecraft:gold_nugget":1,"minecraft:cobbled_deepslate":9,"minecraft:spruce_planks":5,"minecraft:poppy":2,"minecraft:dark_oak_sapling":7,"minecraft:raw_iron":13,"minecraft:stick":10,"ecologics:coconut_slice":4,"aquamirae:shell_horn":1,"sophisticatedbackpacks:backpack":1,"minecraft:porkchop":22,"crystals_overhauled:saphire":3,"minecraft:redstone":18,"minecraft:rotten_flesh":10,"minecraft:arrow":5,"crystals_overhauled:heliodor":2,"farmersdelight:onion":1,"aquamirae:sea_stew":1,"minecraft:hay_block":9,"farmersdelight:rope":3,"relics:aqua_walker":1,"minecraft:saddle":1,"minecraft:white_wool":9,"minecraft:cobblestone":28,"minecraft:oxeye_daisy":1,"minecraft:andesite":1,"relics:jellyfish_necklace":1,"luminousworld:purple_petunias":1,"minecraft:dirt":6,"aquamirae:fin":2,"minecraft:red_carpet":2,"minecraft:bone":11,"minecraft:kelp":1,"minecraft:bow":1,"minecraft:raw_gold":8,"minecraft:iron_ingot":1,"relics:infinity_ham":1,"minecraft:bamboo":51,"epicsamurai:aquamarine":1,"sophisticatedbackpacks:smelting_upgrade":1,"minecraft:iron_sword":1,"luminousworld:clovers_1":2,"minecraft:sand":37,"chococraft:gysahl_green_seeds":6,"minecraft:spruce_sapling":12,"minecraft:spruce_log":32,"minecraft:dark_oak_log":41,"minecraft:spider_eye":7,"minecraft:diamond":5,"waystones:waystone":1,"luminousworld:decorative_red_2":1,"minecraft:emerald":12,"minecraft:rooted_dirt":4,"simplyswords:gold_claymore":1,"minecraft:coal":65},"minecraft:used":{"ecologics:sandcastle":1,"minecraft:spruce_planks":15,"minecraft:iron_sword":217,"simplyswords:gold_claymore":32,"minecraft:dirt":5,"minecraft:white_carpet":4,"ecologics:seashell":2,"minecraft:azure_bluet":1,"minecraft:wooden_axe":43,"minecraft:iron_axe":47,"minecraft:rooted_dirt":4,"minecraft:iron_helmet":1,"aquamirae:spinefish":7,"minecraft:red_carpet":2,"minecraft:bow":2,"minecraft:cooked_cod":3,"luminousworld:groundpebbles_1":1,"minecraft:golden_apple":1,"minecraft:crafting_table":9,"luminousworld:decorative_red_2":1,"minecraft:bread":9,"minecraft:iron_pickaxe":142,"minecraft:spruce_sapling":7,"ecologics:coconut_slice":4,"luminousworld:purple_petunias":1,"minecraft:experience_bottle":1},"minecraft:killed":{"mca:female_zombie_villager":1,"luminousworld:frostbitten_zombie":3,"irons_spellbooks:summoned_zombie":1,"minecraft:vindicator":1,"minecraft:spider":16,"luminousworld:frost_bitten_skeleton":8,"minecraft:skeleton":4,"minecraft:drowned":1,"aquamirae:golden_moth":1,"minecraft:husk":1,"minecraft:pig":8,"minecraft:bat":1,"irons_spellbooks:necromancer":1,"minecraft:pillager":4,"luminousworld:savannah_skeleton":1,"minecraft:zombie":7,"luminousworld:dark_oak_zombie":1},"minecraft:dropped":{"minecraft:iron_ingot":2,"minecraft:bread":52,"minecraft:iron_sword":1,"minecraft:crafting_table":1,"minecraft:saddle":2,"sophisticatedbackpacks:gold_backpack":1,"minecraft:wooden_axe":1,"relics:amphibian_boot":1,"gravestone:obituary":2,"minecraft:gold_nugget":1,"aquamirae:sea_stew":1,"minecraft:string":6,"luminousworld:clovers_1":2,"minecraft:kelp":1,"relics:drowned_belt":1,"minecraft:rotten_flesh":8,"minecraft:name_tag":1,"minecraft:filled_map":1,"crystals_overhauled:heliodor":2,"minecraft:spruce_planks":2,"minecraft:leather_boots":1,"minecraft:spider_eye":6,"minecraft:light_gray_dye":1,"minecraft:spruce_log":1},"minecraft:mined":{"minecraft:dark_oak_planks":1,"minecraft:spruce_planks":4,"minecraft:dark_oak_leaves":1,"minecraft:deepslate_diamond_ore":5,"minecraft:dark_oak_log":41,"gravestone:gravestone":2,"minecraft:grass_block":4,"luminousworld:grassvariant_2":3,"minecraft:spruce_leaves":6,"luminousworld:decorative_red_2":1,"minecraft:oxeye_daisy":1,"minecraft:rooted_dirt":4,"ecologics:sandcastle":1,"minecraft:tall_seagrass":1,"minecraft:hay_block":9,"farmersdelight:wild_onions":1,"minecraft:iron_ore":1,"minecraft:azure_bluet":1,"minecraft:gold_block":1,"minecraft:deepslate_iron_ore":12,"luminousworld:snowgrass":2,"luminousworld:clovers_3":1,"luminousworld:groundpebbles_2":1,"minecraft:bamboo":5,"minecraft:stone":28,"minecraft:white_wool":9,"minecraft:deepslate_redstone_ore":4,"minecraft:light_gray_carpet":1,"minecraft:kelp_plant":1,"luminousworld:purple_petunias":1,"crystals_overhauled:heliodor_ore":1,"minecraft:crafting_table":8,"minecraft:cornflower":4,"crystals_overhauled:saphire_ore":2,"minecraft:poppy":2,"minecraft:deepslate_gold_ore":8,"minecraft:seagrass":2,"ecologics:seashell":1,"minecraft:white_carpet":5,"minecraft:spruce_log":32,"minecraft:grass":3,"minecraft:coal_ore":65,"luminousworld:clovers_5":1,"minecraft:sand":35,"minecraft:dirt":2,"luminousworld:grassvariant_3":1,"minecraft:cobweb":2,"luminousworld:savannah_grass_4":2,"minecraft:deepslate":9},"minecraft:crafted":{"minecraft:leather_boots":1,"minecraft:furnace":1,"sophisticatedbackpacks:crafting_upgrade":1,"minecraft:iron_boots":1,"minecraft:iron_axe":1,"minecraft:chest":2,"minecraft:magenta_dye":3,"sophisticatedbackpacks:iron_backpack":2,"minecraft:wheat":81,"minecraft:red_dye":2,"sophisticatedbackpacks:backpack":1,"minecraft:crafting_table":3,"minecraft:spruce_planks":48,"sophisticatedbackpacks:gold_backpack":3,"ecologics:sandcastle":1,"sophisticatedbackpacks:upgrade_base":2,"minecraft:bread":37,"minecraft:blue_dye":4,"minecraft:purple_dye":4,"sophisticatedbackpacks:diamond_backpack":1,"minecraft:stick":8,"minecraft:iron_pickaxe":1,"minecraft:wooden_axe":1,"sophisticatedbackpacks:smoking_upgrade":1,"minecraft:light_gray_dye":1},"minecraft:custom":{"lootr:looted_stat":98,"minecraft:interact_with_anvil":1,"minecraft:mob_kills":62,"minecraft:interact_with_crafting_table":24,"minecraft:open_barrel":4,"minecraft:damage_dealt_resisted":723,"minecraft:leave_game":1,"minecraft:time_since_death":58792,"minecraft:climb_one_cm":2368,"minecraft:sprint_one_cm":466732,"minecraft:walk_one_cm":584333,"minecraft:drop":39,"minecraft:play_time":178953,"minecraft:deaths":2,"minecraft:sneak_time":1756,"minecraft:walk_under_water_one_cm":22254,"minecraft:jump":3087,"minecraft:walk_on_water_one_cm":14568,"minecraft:total_world_time":178953,"minecraft:interact_with_cartography_table":1,"minecraft:time_since_rest":64013,"minecraft:waystone_activated":1,"minecraft:damage_taken":5813,"minecraft:damage_absorbed":40,"minecraft:damage_dealt":11823,"minecraft:swim_one_cm":20498,"minecraft:fly_one_cm":839593,"minecraft:open_chest":5,"minecraft:crouch_one_cm":3257,"minecraft:fall_one_cm":77576}},"DataVersion":3465}