{"stats":{"minecraft:dropped":{"chococraft:chocobo_feather":2,"relics:infinity_ham":1,"minecraft:rotten_flesh":6,"arcane_abilities:weightless_boot":1,"minecraft:pumpkin":1},"minecraft:mined":{"minecraft:jack_o_lantern":1,"minecraft:grass_block":13,"minecraft:spruce_leaves":1,"minecraft:spruce_log":11,"minecraft:pumpkin":1,"luminousworld:ishstone":13,"minecraft:dirt":9,"minecraft:stone":102},"minecraft:used":{"minecraft:water_bucket":5,"minecraft:netherite_sword":3,"minecraft:jack_o_lantern":1,"ironladders:netherite_ladder":15,"minecraft:cow_spawn_egg":1,"minecraft:spruce_door":1,"minecraft:snow_block":8,"minecraft:carved_pumpkin":2,"minecraft:spruce_planks":7,"minecraft:iron_sword":2,"lootr:trophy":1,"securitycraft:reinforced_purple_stained_glass_pane":4,"minecraft:polished_blackstone_bricks":313,"minecraft:deepslate_bricks":62,"minecraft:snow_golem_spawn_egg":1,"minecraft:iron_chestplate":1,"mcwbridges:crimson_log_bridge_stair":1,"minecraft:torch":4,"minecraft:dirt":219,"fabledweaponry:ballista_netherite":3,"minecraft:tnt":1,"simplyswords:gold_twinblade":42,"minecraft:nether_bricks":112,"minecraft:spruce_stairs":183,"creeperoverhaul:snowy_creeper_spawn_egg":1,"minecraft:painting":1,"minecraft:magenta_carpet":1,"automobility:automobile_assembler":2,"automobility:steep_slope":8,"automobility:dash_panel":10,"ironladders:diamond_ladder":6,"minecraft:grass_block":39,"minecraft:lantern":2,"minecraft:iron_axe":13,"minecraft:bread":1,"minecraft:iron_pickaxe":115,"minecraft:polished_blackstone_brick_wall":1,"chococraft:purple_chocobo_spawn_egg":1,"minecraft:iron_helmet":1,"minecraft:iron_boots":1,"mutantmonsters:mutant_snow_golem_spawn_egg":1,"minecraft:stone_brick_stairs":117,"mcwbridges:oak_log_bridge_stair":1,"minecraft:bedrock":2,"minecraft:pink_bed":1,"minecraft:purple_bed":1,"minecraft:bucket":4,"minecraft:splash_potion":11,"minecraft:iron_leggings":1},"minecraft:killed":{"luminousworld:frostbitten_zombie":5,"minecraft:spider":1,"luminousworld:frost_bitten_skeleton":2,"minecraft:zombie":2,"minecraft:snow_golem":2},"minecraft:custom":{"lootr:looted_stat":1,"minecraft:mob_kills":12,"minecraft:interact_with_crafting_table":1,"minecraft:leave_game":1,"minecraft:time_since_death":105737,"minecraft:sleep_in_bed":1,"minecraft:climb_one_cm":6489,"minecraft:time_since_rest":29456,"minecraft:waystone_activated":2,"minecraft:sprint_one_cm":106982,"minecraft:damage_taken":760,"minecraft:walk_one_cm":261150,"minecraft:drop":6,"minecraft:damage_dealt":1721,"minecraft:swim_one_cm":5106,"minecraft:talked_to_villager":7,"minecraft:fly_one_cm":289903,"minecraft:open_chest":1,"minecraft:crouch_one_cm":3292,"minecraft:play_time":105737,"minecraft:sneak_time":1390,"minecraft:walk_under_water_one_cm":3226,"minecraft:jump":533,"minecraft:walk_on_water_one_cm":2847,"minecraft:total_world_time":105737,"minecraft:fall_one_cm":11445},"minecraft:picked_up":{"luminousworld:ishstone":13,"minecraft:dirt":326,"chococraft:chocobo_feather":3,"relics:infinity_ham":1,"minecraft:stick":4,"minecraft:pumpkin":2,"minecraft:spruce_sapling":14,"minecraft:spruce_log":48,"minecraft:rotten_flesh":6,"chococraft:chocobo_drumstick_raw":1,"minecraft:jack_o_lantern":1,"arcane_abilities:weightless_boot":1,"minecraft:snowball":14,"minecraft:cobblestone":138},"minecraft:crafted":{"sophisticatedbackpacks:gold_backpack":1,"sophisticatedbackpacks:diamond_backpack":1,"sophisticatedbackpacks:iron_backpack":1}},"DataVersion":3465}