{"stats":{"minecraft:used":{"minecraft:light_gray_carpet":2,"minecraft:spruce_planks":2,"luminousworld:groundpebbles_1":1,"minecraft:golden_apple":1,"minecraft:dirt":1,"minecraft:cod":1,"minecraft:apple":13,"simplyswords:diamond_scythe":112,"minecraft:bread":11,"minecraft:iron_pickaxe":25,"minecraft:red_carpet":1,"minecraft:fishing_rod":1,"minecraft:pumpkin":2},"minecraft:custom":{"lootr:looted_stat":88,"minecraft:mob_kills":33,"minecraft:open_barrel":7,"minecraft:damage_dealt_resisted":97,"minecraft:leave_game":1,"minecraft:time_since_death":754125,"minecraft:climb_one_cm":3275,"minecraft:time_since_rest":754158,"minecraft:waystone_activated":2,"minecraft:sprint_one_cm":241975,"minecraft:damage_absorbed":40,"minecraft:damage_taken":3043,"minecraft:walk_one_cm":193321,"minecraft:drop":22,"minecraft:damage_dealt":6782,"minecraft:swim_one_cm":11952,"minecraft:talked_to_villager":1,"minecraft:fly_one_cm":279668,"minecraft:crouch_one_cm":1441,"minecraft:play_time":777342,"minecraft:deaths":1,"minecraft:sneak_time":396,"minecraft:walk_under_water_one_cm":6801,"minecraft:jump":1088,"minecraft:interact_with_brewingstand":2,"minecraft:interact_with_blast_furnace":2,"minecraft:walk_on_water_one_cm":6190,"minecraft:total_world_time":777342,"minecraft:fall_one_cm":28301},"minecraft:mined":{"minecraft:smithing_table":1,"luminousworld:groundpebbles_1":1,"minecraft:light_gray_carpet":1,"minecraft:red_carpet":1,"minecraft:spruce_planks":1,"minecraft:white_bed":1,"minecraft:smoker":1,"minecraft:stone_brick_slab":1,"minecraft:brewing_stand":1,"gravestone:gravestone":1,"minecraft:blast_furnace":3,"minecraft:grass_block":1,"luminousworld:groundpebbles_3":1,"minecraft:spruce_stairs":1,"minecraft:pumpkin":2,"minecraft:dirt":1,"minecraft:packed_ice":4,"minecraft:stone":1,"luminousworld:savannah_grass_4":1,"farmersdelight:wild_potatoes":1},"minecraft:dropped":{"minecraft:poisonous_potato":2,"minecraft:experience_bottle":1,"minecraft:iron_helmet":2,"minecraft:book":12,"minecraft:rotten_flesh":2,"relics:infinity_ham":1,"minecraft:apple":1,"minecraft:salmon":2,"farmersdelight:rice":2,"minecraft:cod":3,"minecraft:chainmail_chestplate":1,"minecraft:item_frame":6,"minecraft:leather_chestplate":2,"minecraft:torch":6,"farmersdelight:rope":8,"gravestone:obituary":1,"minecraft:iron_axe":1,"minecraft:fishing_rod":1,"minecraft:splash_potion":1},"minecraft:killed":{"aquamirae:maw":3,"minecraft:witch":1,"minecraft:vindicator":10,"minecraft:skeleton":1,"luminousworld:mourning_cloak":1,"minecraft:pillager":6,"minecraft:zombie":10,"luminousworld:grey_squirrel":1},"minecraft:picked_up":{"minecraft:fishing_rod":1,"luminousworld:groundpebbles_1":1,"minecraft:leather_chestplate":1,"farmersdelight:rice":2,"minecraft:turtle_helmet":1,"minecraft:smithing_table":1,"minecraft:smoker":1,"minecraft:brewing_stand":1,"minecraft:dirt":2,"aquamirae:fin":3,"minecraft:iron_axe":1,"minecraft:item_frame":6,"minecraft:white_carpet":1,"minecraft:red_carpet":1,"minecraft:apple":1,"minecraft:spruce_planks":2,"minecraft:iron_ingot":1,"minecraft:pumpkin":2,"minecraft:torch":6,"minecraft:poisonous_potato":2,"minecraft:blast_furnace":3,"minecraft:white_bed":1,"minecraft:trident":1,"minecraft:rotten_flesh":2,"minecraft:iron_helmet":1,"minecraft:emerald":18,"minecraft:light_gray_carpet":3}},"DataVersion":3465}