{"stats":{"minecraft:dropped":{"minecraft:golden_boots":1,"relics:jellyfish_necklace":1,"relics:infinity_ham":1,"ecologics:coconut_door":2,"aquamirae:three_bolt_helmet":1,"relics:aqua_walker":2,"minecraft:snowball":1,"ecologics:coconut_boat":1,"minecraft:leather_chestplate":1,"arcane_abilities:weightless_boot":2,"minecraft:leather_boots":2,"minecraft:leather_leggings":1,"chococraft:gysahl_green":64},"minecraft:mined":{"minecraft:dark_oak_planks":1,"minecraft:spruce_planks":5,"luminousworld:grassvariant_4":3,"gravestone:gravestone":4,"minecraft:spruce_fence":1,"luminousworld:clovers_4":1,"luminousworld:grassvariant_2":1,"luminousworld:clovers_2":1,"minecraft:spruce_leaves":1,"minecraft:sandstone":7,"minecraft:oak_trapdoor":3,"minecraft:iron_ore":8,"minecraft:snow":21,"minecraft:pumpkin":16,"minecraft:dark_oak_stairs":1,"chococraft:gysahl_green":143,"minecraft:iron_bars":6,"minecraft:packed_ice":18,"minecraft:stone":11,"minecraft:light_gray_carpet":3,"minecraft:snow_block":21,"minecraft:oak_fence":1,"minecraft:blast_furnace":4,"minecraft:chest":2,"minecraft:cobblestone":8,"minecraft:sugar_cane":2,"minecraft:damaged_anvil":2,"minecraft:wall_torch":1,"aquamirae:wisteria_niveis":7,"minecraft:wheat":2,"minecraft:white_carpet":9,"minecraft:spruce_log":107,"minecraft:copper_block":15,"minecraft:grass":1,"minecraft:coal_ore":20,"luminousworld:ishstone":1,"minecraft:gravel":1,"minecraft:sand":8,"minecraft:cobweb":2},"minecraft:used":{"minecraft:oak_trapdoor":1,"minecraft:oak_fence":1,"minecraft:stone_sword":58,"chococraft:green_chocobo_spawn_egg":5,"minecraft:stone_shovel":53,"minecraft:spruce_slab":293,"minecraft:ladder":13,"trashcans:item_trash_can":1,"minecraft:spruce_planks":843,"minecraft:chest":28,"lootr:trophy":1,"minecraft:stone_hoe":50,"minecraft:cooked_salmon":2,"minecraft:torch":12,"minecraft:spruce_stairs":222,"minecraft:snowball":47,"minecraft:spruce_fence":150,"minecraft:spruce_boat":9,"minecraft:lantern":49,"minecraft:grass_block":242,"minecraft:stone_brick_stairs":269,"minecraft:stone_bricks":247,"chococraft:yellow_chocobo_spawn_egg":5,"minecraft:written_book":1,"minecraft:furnace":4,"minecraft:cooked_cod":13,"minecraft:wheat_seeds":50,"magnumtorch:emerald_magnum_torch":4,"minecraft:water_bucket":13,"minecraft:cow_spawn_egg":6,"minecraft:spruce_door":10,"simplyswords:diamond_katana":115,"aquamirae:wisteria_niveis":8,"simplyswords:iron_rapier":14,"minecraft:prismarine":1,"minecraft:stone_pickaxe":102,"minecraft:blue_bed":1,"minecraft:spruce_fence_gate":3,"minecraft:sand":1,"minecraft:crafting_table":1,"minecraft:red_bed":1,"minecraft:blast_furnace":4,"minecraft:campfire":6,"minecraft:spruce_log":2,"waystones:waystone":1,"chococraft:gysahl_green_seeds":64,"minecraft:bread":54,"minecraft:stone_axe":155,"simplyswords:whisperwind":29,"minecraft:cobblestone":43},"minecraft:killed":{"luminousworld:frostbitten_zombie":4,"naturalist:rattlesnake":1,"minecraft:spider":1,"minecraft:vindicator":17,"luminousworld:frost_bitten_skeleton":3,"minecraft:drowned":1,"aquamirae:maw":1,"minecraft:pillager":14,"minecraft:zombie":1,"aquamirae:anglerfish":1,"chococraft:chocobo":7},"minecraft:custom":{"lootr:looted_stat":160,"minecraft:mob_kills":51,"minecraft:animals_bred":4,"minecraft:interact_with_crafting_table":5,"minecraft:open_barrel":30,"minecraft:time_since_death":21923,"minecraft:climb_one_cm":5901,"minecraft:sprint_one_cm":113156,"minecraft:walk_one_cm":1358210,"minecraft:drop":16,"minecraft:play_time":311180,"minecraft:deaths":4,"minecraft:sneak_time":4528,"minecraft:walk_under_water_one_cm":64370,"minecraft:boat_one_cm":1188263,"minecraft:interact_with_lectern":3,"minecraft:jump":934,"minecraft:interact_with_blast_furnace":6,"minecraft:walk_on_water_one_cm":13701,"minecraft:total_world_time":311180,"minecraft:interact_with_furnace":18,"minecraft:raid_trigger":1,"minecraft:sleep_in_bed":1,"minecraft:time_since_rest":21954,"minecraft:waystone_activated":2,"minecraft:damage_taken":4615,"minecraft:damage_dealt":12204,"minecraft:swim_one_cm":36954,"minecraft:fly_one_cm":145084,"minecraft:open_chest":174,"minecraft:crouch_one_cm":23554,"minecraft:fall_one_cm":19511},"minecraft:picked_up":{"chococraft:loverly_gysahl_green":20,"minecraft:wheat":2,"minecraft:leather_leggings":1,"minecraft:enchanted_book":2,"simplyswords:iron_rapier":1,"ecologics:coconut_boat":1,"minecraft:oak_trapdoor":3,"minecraft:string":3,"aquamirae:pirate_pouch":1,"minecraft:iron_axe":3,"minecraft:white_carpet":7,"minecraft:spruce_planks":5,"minecraft:eye_armor_trim_smithing_template":3,"minecraft:chest":2,"minecraft:sugar_cane":7,"relics:drowned_belt":1,"minecraft:sandstone":7,"minecraft:raw_iron":8,"minecraft:stick":34,"ecologics:coconut_door":2,"ecologics:coconut_slice":2,"minecraft:oak_fence":1,"minecraft:torch":14,"minecraft:spruce_fence":1,"aquamirae:esca":1,"minecraft:golden_chestplate":1,"minecraft:dark_oak_planks":1,"minecraft:arrow":1,"minecraft:rotten_flesh":6,"minecraft:pumpkin_pie":1,"aquamirae:treasure_pouch":1,"relics:aqua_walker":2,"minecraft:gold_ingot":4,"minecraft:totem_of_undying":1,"chococraft:chocobo_drumstick_raw":6,"minecraft:iron_bars":6,"minecraft:snowball":124,"minecraft:cobblestone":20,"luminousworld:ishstone":1,"ecologics:coconut_planks":4,"minecraft:copper_block":14,"minecraft:filled_map":2,"aquamirae:three_bolt_helmet":2,"relics:jellyfish_necklace":1,"minecraft:dirt":13,"minecraft:lantern":3,"minecraft:white_banner":2,"aquamirae:fin":1,"minecraft:leather_boots":5,"chococraft:chocobo_feather":22,"minecraft:bone":1,"chococraft:gysahl_green":372,"minecraft:kelp":5,"chococraft:gold_gysahl":6,"aquamirae:wisteria_niveis":8,"minecraft:wheat_seeds":6,"minecraft:bell":1,"minecraft:spruce_wood":1,"minecraft:iron_ingot":22,"relics:infinity_ham":1,"minecraft:dark_oak_stairs":1,"immersive_armors:steampunk_helmet":1,"luminousworld:clovers_1":3,"minecraft:pumpkin":16,"luminousworld:sunset_petunias":2,"minecraft:sand":29,"minecraft:spruce_sapling":42,"chococraft:gysahl_green_seeds":142,"minecraft:blast_furnace":4,"minecraft:spruce_log":93,"minecraft:spruce_boat":7,"waystones:waystone":1,"minecraft:emerald":23,"minecraft:bread":8,"minecraft:light_gray_carpet":3,"minecraft:damaged_anvil":2,"arcane_abilities:weightless_boot":2,"minecraft:coal":20},"minecraft:crafted":{"minecraft:spruce_fence":3,"minecraft:chest":6,"minecraft:spruce_boat":3,"minecraft:spruce_planks":360,"minecraft:cooked_salmon":32,"sophisticatedbackpacks:gold_backpack":2,"minecraft:air":0,"minecraft:stick":200,"minecraft:stone_sword":2},"minecraft:broken":{"minecraft:stone_axe":1}},"DataVersion":3465}