{"stats":{"minecraft:dropped":{"mca:book_romance":2,"patchouli:guide_book":4},"minecraft:crafted":{"minecraft:birch_planks":60,"minecraft:crafting_table":2,"minecraft:spruce_planks":56,"minecraft:stick":128,"minecraft:stone_pickaxe":3,"minecraft:wooden_axe":1},"minecraft:used":{"minecraft:stone_bricks":182,"minecraft:wooden_axe":30,"minecraft:diamond_pickaxe":48,"minecraft:spruce_door":6,"minecraft:crafting_table":2,"minecraft:lantern":6,"minecraft:birch_sapling":4,"minecraft:campfire":1,"minecraft:spruce_planks":835,"minecraft:spruce_fence":4,"minecraft:stone_brick_stairs":90},"minecraft:mined":{"minecraft:birch_log":15,"minecraft:spruce_log":14,"minecraft:stone":48},"minecraft:picked_up":{"minecraft:birch_log":15,"minecraft:stick":9,"patchouli:guide_book":2,"minecraft:spruce_sapling":17,"minecraft:spruce_log":14,"mca:book_romance":1,"minecraft:birch_sapling":4,"minecraft:cobblestone":48},"minecraft:custom":{"minecraft:time_since_rest":71705,"minecraft:crouch_one_cm":293,"minecraft:sprint_one_cm":508,"minecraft:play_time":71705,"minecraft:damage_taken":10,"minecraft:walk_one_cm":152120,"minecraft:sneak_time":571,"minecraft:walk_under_water_one_cm":9981,"minecraft:drop":6,"minecraft:jump":84,"minecraft:damage_dealt":174,"minecraft:leave_game":2,"minecraft:walk_on_water_one_cm":324,"minecraft:time_since_death":71705,"minecraft:total_world_time":71705,"minecraft:interact_with_crafting_table":2,"minecraft:fall_one_cm":689,"minecraft:fly_one_cm":454653}},"DataVersion":3465}