{"stats":{"minecraft:crafted":{"minecraft:crafting_table":1,"minecraft:spruce_planks":56,"minecraft:stick":8,"minecraft:wooden_axe":1},"minecraft:mined":{"minecraft:spruce_log":14},"minecraft:dropped":{"mca:book_romance":1,"patchouli:guide_book":2},"minecraft:used":{"minecraft:wooden_axe":13,"minecraft:crafting_table":1},"minecraft:picked_up":{"minecraft:stick":5,"patchouli:guide_book":2,"minecraft:spruce_sapling":16,"minecraft:spruce_log":14,"mca:book_romance":1},"minecraft:custom":{"minecraft:time_since_rest":18109,"minecraft:play_time":18109,"minecraft:walk_one_cm":25172,"minecraft:sneak_time":85,"minecraft:walk_under_water_one_cm":9981,"minecraft:drop":3,"minecraft:jump":28,"minecraft:damage_dealt":124,"minecraft:leave_game":1,"minecraft:walk_on_water_one_cm":324,"minecraft:time_since_death":18109,"minecraft:total_world_time":18109,"minecraft:interact_with_crafting_table":1,"minecraft:fall_one_cm":420,"minecraft:fly_one_cm":106223}},"DataVersion":3465}