{"stats":{"minecraft:broken":{"minecraft:stone_pickaxe":1,"minecraft:stone_axe":2,"minecraft:wooden_axe":1,"minecraft:wooden_pickaxe":1},"minecraft:picked_up":{"minecraft:wooden_axe":1,"sophisticatedbackpacks:gold_backpack":1,"chococraft:loverly_gysahl_green":14,"minecraft:splash_potion":1,"minecraft:andesite":1,"minecraft:leather":1,"ecologics:seashell":1,"minecraft:potato":1,"royalvariations:spiritual_crown_shard":1,"relics:amphibian_boot":1,"minecraft:tuff":1,"create:raw_zinc":19,"minecraft:dirt":123,"minecraft:blue_bed":1,"aquamirae:sharp_bones":5,"minecraft:string":19,"minecraft:lantern":1,"epicsamurai:jade":1,"minecraft:bone":13,"chococraft:gysahl_green":203,"chococraft:gold_gysahl":4,"minecraft:bow":2,"irons_spellbooks:arcane_essence":1,"minecraft:wheat_seeds":2,"minecraft:cobbled_deepslate":2,"minecraft:raw_gold":1,"minecraft:spruce_planks":158,"minecraft:beef":3,"minecraft:iron_ingot":4,"minecraft:poppy":2,"epicsamurai:aquamarine":4,"minecraft:sugar_cane":8,"epicsamurai:raw_silver":1,"relics:drowned_belt":1,"ecologics:crab_claw":1,"minecraft:tipped_arrow":1,"minecraft:stick":52,"minecraft:raw_iron":8,"irons_spellbooks:frozen_bone":1,"ecologics:coconut_slice":2,"minecraft:spruce_sapling":97,"chococraft:gysahl_green_seeds":74,"minecraft:spruce_log":279,"minecraft:redstone":48,"minecraft:spectral_arrow":2,"minecraft:spider_eye":5,"minecraft:diamond":1,"minecraft:arrow":12,"minecraft:rotten_flesh":31,"minecraft:granite":77,"minecraft:saddle":1,"minecraft:bread":52,"minecraft:coal":35,"minecraft:cobblestone":182},"minecraft:used":{"minecraft:spruce_door":6,"minecraft:stone_shovel":126,"minecraft:stone_pickaxe":248,"minecraft:chest":10,"minecraft:spruce_planks":923,"minecraft:wooden_pickaxe":59,"minecraft:blue_bed":1,"minecraft:torch":43,"minecraft:dirt":123,"simplyswords:diamond_warglaive":160,"minecraft:crafting_table":6,"ecologics:seashell":1,"minecraft:granite":74,"minecraft:spruce_boat":1,"minecraft:wooden_axe":68,"minecraft:diamond_pickaxe":43,"minecraft:apple":6,"minecraft:lantern":6,"minecraft:bread":27,"minecraft:spruce_sapling":59,"minecraft:stone_axe":389,"minecraft:cobblestone":22,"minecraft:bow":8,"minecraft:furnace":6,"chococraft:gysahl_green":18,"aquamirae:dagger_of_greed":43},"minecraft:killed":{"luminousworld:frostbitten_zombie":9,"irons_spellbooks:summoned_zombie":4,"minecraft:spider":7,"luminousworld:frost_bitten_skeleton":13,"royalvariations:royal_skeleton":1,"luminousworld:mourning_cloak":1,"minecraft:zombie":12,"minecraft:stray":1,"ecologics:coconut_crab":1,"minecraft:cow":1},"minecraft:dropped":{"minecraft:wheat_seeds":1,"relics:jellyfish_necklace":1,"chococraft:gysahl_green_seeds":8,"sophisticatedbackpacks:backpack":1,"sophisticatedbackpacks:smelting_upgrade":1,"simplyswords:gold_claymore":1,"minecraft:spruce_planks":55,"minecraft:wooden_axe":1,"relics:aqua_walker":1,"minecraft:bow":1,"minecraft:string":1,"chococraft:gysahl_green":5},"minecraft:mined":{"create:zinc_ore":19,"minecraft:deepslate_redstone_ore":11,"minecraft:tuff":1,"minecraft:spruce_planks":103,"minecraft:deepslate_diamond_ore":1,"epicsamurai:deepslate_aquamarine_ore":5,"minecraft:granite":78,"minecraft:grass_block":93,"minecraft:cobblestone":16,"minecraft:spruce_leaves":13,"minecraft:deepslate_gold_ore":1,"minecraft:sugar_cane":3,"minecraft:blue_bed":1,"minecraft:large_fern":4,"epicsamurai:deepslate_jade_ore":1,"ecologics:seashell":1,"minecraft:spruce_log":316,"minecraft:andesite":2,"chococraft:gysahl_green":70,"minecraft:coal_ore":35,"minecraft:deepslate_iron_ore":8,"epicsamurai:deepslate_silver_ore":1,"minecraft:lantern":1,"luminousworld:snowgrass":1,"minecraft:dirt":30,"minecraft:stone":166,"minecraft:deepslate":2},"minecraft:crafted":{"minecraft:cooked_cod":38,"minecraft:stone_shovel":2,"sophisticatedbackpacks:backpack":1,"minecraft:iron_nugget":36,"minecraft:crafting_table":7,"minecraft:spruce_planks":1116,"minecraft:wooden_pickaxe":1,"minecraft:iron_helmet":1,"minecraft:furnace":6,"minecraft:cooked_salmon":47,"sophisticatedbackpacks:crafting_upgrade":1,"minecraft:stone_axe":4,"sophisticatedbackpacks:upgrade_base":1,"minecraft:air":0,"minecraft:lantern":1,"minecraft:iron_chestplate":1,"minecraft:iron_boots":1,"minecraft:diamond_pickaxe":1,"minecraft:stick":112,"minecraft:stone_pickaxe":5,"minecraft:wooden_axe":1,"minecraft:chest":2,"minecraft:iron_leggings":1,"minecraft:spruce_boat":1,"minecraft:torch":72},"minecraft:custom":{"minecraft:interact_with_furnace":12,"lootr:looted_stat":52,"minecraft:mob_kills":50,"minecraft:interact_with_crafting_table":21,"minecraft:interact_with_cartography_table":1,"minecraft:open_barrel":4,"minecraft:damage_dealt_resisted":56,"minecraft:leave_game":1,"minecraft:time_since_death":148610,"minecraft:sleep_in_bed":1,"minecraft:time_since_rest":53472,"minecraft:sprint_one_cm":193809,"minecraft:damage_taken":1522,"minecraft:walk_one_cm":766637,"minecraft:drop":18,"minecraft:damage_dealt":9705,"minecraft:fly_one_cm":38464,"minecraft:open_chest":24,"minecraft:crouch_one_cm":8424,"minecraft:play_time":148610,"minecraft:sneak_time":1790,"minecraft:walk_under_water_one_cm":14171,"minecraft:boat_one_cm":82620,"minecraft:interact_with_lectern":1,"minecraft:jump":510,"minecraft:walk_on_water_one_cm":3259,"minecraft:total_world_time":148610,"minecraft:interact_with_smoker":4,"minecraft:fall_one_cm":4966}},"DataVersion":3465}